{
	"info": {
		"_postman_id": "e22e800c-7321-4511-9d51-b846ebf6141d",
		"name": "gRPC-todoList",
		"schema": "https://schema.getpostman.com/json/collection/v2.1.0/collection.json",
		"_exporter_id": "10242828"
	},
	"item": [
		{
			"name": "用户模块",
			"item": [
				{
					"name": "用户注册",
					"request": {
						"method": "POST",
						"header": [],
						"body": {
							"mode": "formdata",
							"formdata": [
								{
									"key": "user_name",
									"value": "FanOne1112",
									"type": "text"
								},
								{
									"key": "nick_name",
									"value": "CocaineCong",
									"type": "text"
								},
								{
									"key": "password",
									"value": "12345678",
									"type": "text"
								},
								{
									"key": "password_confirm",
									"value": "12345678",
									"type": "text"
								}
							]
						},
						"url": {
							"raw": "{{url}}/user/register",
							"host": [
								"{{url}}"
							],
							"path": [
								"user",
								"register"
							]
						}
					},
					"response": [
						{
							"name": "用户注册",
							"originalRequest": {
								"method": "POST",
								"header": [],
								"body": {
									"mode": "formdata",
									"formdata": [
										{
											"key": "user_name",
											"value": "FanOne1112",
											"type": "text"
										},
										{
											"key": "nick_name",
											"value": "CocaineCong",
											"type": "text"
										},
										{
											"key": "password",
											"value": "12345678",
											"type": "text"
										},
										{
											"key": "password_confirm",
											"value": "12345678",
											"type": "text"
										}
									]
								},
								"url": {
									"raw": "{{url}}/user/register",
									"host": [
										"{{url}}"
									],
									"path": [
										"user",
										"register"
									]
								}
							},
							"status": "OK",
							"code": 200,
							"_postman_previewlanguage": "json",
							"header": [
								{
									"key": "Content-Type",
									"value": "application/json; charset=utf-8"
								},
								{
									"key": "Date",
									"value": "Sat, 20 May 2023 04:59:39 GMT"
								},
								{
									"key": "Content-Length",
									"value": "77"
								}
							],
							"cookie": [],
							"body": "{\n    \"status\": 200,\n    \"data\": {\n        \"code\": 200,\n        \"msg\": \"\",\n        \"data\": \"ok\"\n    },\n    \"msg\": \"ok\",\n    \"error\": \"\"\n}"
						}
					]
				},
				{
					"name": "用户登录",
					"request": {
						"method": "POST",
						"header": [],
						"body": {
							"mode": "formdata",
							"formdata": [
								{
									"key": "user_name",
									"value": "FanOne",
									"type": "text"
								},
								{
									"key": "password",
									"value": "12345678",
									"type": "text"
								}
							]
						},
						"url": {
							"raw": "{{url}}/user/login",
							"host": [
								"{{url}}"
							],
							"path": [
								"user",
								"login"
							]
						}
					},
					"response": [
						{
							"name": "用户登录",
							"originalRequest": {
								"method": "POST",
								"header": [],
								"body": {
									"mode": "formdata",
									"formdata": [
										{
											"key": "user_name",
											"value": "FanOne",
											"type": "text"
										},
										{
											"key": "password",
											"value": "12345678",
											"type": "text"
										}
									]
								},
								"url": {
									"raw": "{{url}}/user/login",
									"host": [
										"{{url}}"
									],
									"path": [
										"user",
										"login"
									]
								}
							},
							"status": "OK",
							"code": 200,
							"_postman_previewlanguage": "json",
							"header": [
								{
									"key": "Content-Type",
									"value": "application/json; charset=utf-8"
								},
								{
									"key": "Date",
									"value": "Sat, 20 May 2023 05:00:13 GMT"
								},
								{
									"key": "Content-Length",
									"value": "276"
								}
							],
							"cookie": [],
							"body": "{\n    \"status\": 200,\n    \"data\": {\n        \"user\": {\n            \"user_id\": 1,\n            \"nick_name\": \"FanOne\",\n            \"user_name\": \"FanOne\"\n        },\n        \"token\": \"eyJhbGciOiJIUzI1NiIsInR5cCI6IkpXVCJ9.eyJ1c2VyX2lkIjoxLCJleHAiOjE2ODQ2NDUyMTMsImlzcyI6IjM4Mzg0LVNlYXJjaEVuZ2luZSJ9.btiZId5AjNVpDZ47liZxCjlBrLDuAxmYNAxZNFoc0kI\"\n    },\n    \"msg\": \"ok\",\n    \"error\": \"\"\n}"
						}
					]
				}
			]
		},
		{
			"name": "任务模块",
			"item": [
				{
					"name": "创建备忘录",
					"request": {
						"method": "POST",
						"header": [
							{
								"key": "Authorization",
								"value": "{{token}}",
								"type": "text"
							}
						],
						"body": {
							"mode": "formdata",
							"formdata": [
								{
									"key": "title",
									"value": "一键三连加关注！！！",
									"type": "text"
								},
								{
									"key": "content",
									"value": "我可太喜欢up了！！！！",
									"type": "text"
								},
								{
									"key": "status",
									"value": "0",
									"type": "text"
								},
								{
									"key": "start_time",
									"value": "0",
									"type": "text"
								},
								{
									"key": "end_time",
									"value": "0",
									"type": "text"
								}
							]
						},
						"url": {
							"raw": "{{url}}/task",
							"host": [
								"{{url}}"
							],
							"path": [
								"task"
							]
						}
					},
					"response": [
						{
							"name": "创建备忘录",
							"originalRequest": {
								"method": "POST",
								"header": [
									{
										"key": "Authorization",
										"value": "{{token}}",
										"type": "text"
									}
								],
								"body": {
									"mode": "formdata",
									"formdata": [
										{
											"key": "title",
											"value": "一键三连加关注！！！",
											"type": "text"
										},
										{
											"key": "content",
											"value": "我可太喜欢up了！！！！",
											"type": "text"
										},
										{
											"key": "status",
											"value": "0",
											"type": "text"
										},
										{
											"key": "start_time",
											"value": "0",
											"type": "text"
										},
										{
											"key": "end_time",
											"value": "0",
											"type": "text"
										}
									]
								},
								"url": {
									"raw": "{{url}}/task",
									"host": [
										"{{url}}"
									],
									"path": [
										"task"
									]
								}
							},
							"status": "OK",
							"code": 200,
							"_postman_previewlanguage": "json",
							"header": [
								{
									"key": "Content-Type",
									"value": "application/json; charset=utf-8"
								},
								{
									"key": "Date",
									"value": "Sat, 20 May 2023 05:30:38 GMT"
								},
								{
									"key": "Content-Length",
									"value": "77"
								}
							],
							"cookie": [],
							"body": "{\n    \"status\": 200,\n    \"data\": {\n        \"code\": 200,\n        \"msg\": \"ok\",\n        \"data\": \"\"\n    },\n    \"msg\": \"ok\",\n    \"error\": \"\"\n}"
						}
					]
				},
				{
					"name": "获取备忘录列表",
					"request": {
						"method": "GET",
						"header": [
							{
								"key": "Authorization",
								"value": "{{token}}",
								"type": "text"
							}
						],
						"url": {
							"raw": "{{url}}/task",
							"host": [
								"{{url}}"
							],
							"path": [
								"task"
							]
						}
					},
					"response": [
						{
							"name": "获取备忘录列表",
							"originalRequest": {
								"method": "GET",
								"header": [
									{
										"key": "Authorization",
										"value": "{{token}}",
										"type": "text"
									}
								],
								"url": {
									"raw": "{{url}}/task",
									"host": [
										"{{url}}"
									],
									"path": [
										"task"
									]
								}
							},
							"status": "OK",
							"code": 200,
							"_postman_previewlanguage": "json",
							"header": [
								{
									"key": "Content-Type",
									"value": "application/json; charset=utf-8"
								},
								{
									"key": "Date",
									"value": "Sat, 20 May 2023 05:31:14 GMT"
								},
								{
									"key": "Content-Length",
									"value": "222"
								}
							],
							"cookie": [],
							"body": "{\n    \"status\": 200,\n    \"data\": {\n        \"task_model\": [\n            {\n                \"task_id\": 1,\n                \"user_id\": 1,\n                \"status\": 0,\n                \"title\": \"一键三连加关注！！！\",\n                \"content\": \"我可太喜欢up了！！！！\",\n                \"start_time\": 0,\n                \"end_time\": 0\n            }\n        ],\n        \"code\": 200\n    },\n    \"msg\": \"ok\",\n    \"error\": \"\"\n}"
						}
					]
				},
				{
					"name": "修改备忘录",
					"request": {
						"method": "PUT",
						"header": [
							{
								"key": "Authorization",
								"value": "{{token}}",
								"type": "text"
							}
						],
						"body": {
							"mode": "formdata",
							"formdata": [
								{
									"key": "task_id",
									"value": "1",
									"type": "text"
								},
								{
									"key": "title",
									"value": "我太喜欢点赞了！",
									"type": "text"
								},
								{
									"key": "content",
									"value": "拒绝白嫖，从我做起111",
									"type": "text"
								},
								{
									"key": "status",
									"value": "1",
									"type": "text"
								},
								{
									"key": "start_time",
									"value": "1",
									"type": "text"
								},
								{
									"key": "end_time",
									"value": "1",
									"type": "text"
								}
							]
						},
						"url": {
							"raw": "{{url}}/task",
							"host": [
								"{{url}}"
							],
							"path": [
								"task"
							]
						}
					},
					"response": [
						{
							"name": "修改备忘录",
							"originalRequest": {
								"method": "PUT",
								"header": [
									{
										"key": "Authorization",
										"value": "{{token}}",
										"type": "text"
									}
								],
								"body": {
									"mode": "formdata",
									"formdata": [
										{
											"key": "task_id",
											"value": "1",
											"type": "text"
										},
										{
											"key": "title",
											"value": "我太喜欢点赞了！",
											"type": "text"
										},
										{
											"key": "content",
											"value": "拒绝白嫖，从我做起111",
											"type": "text"
										},
										{
											"key": "status",
											"value": "1",
											"type": "text"
										},
										{
											"key": "start_time",
											"value": "1",
											"type": "text"
										},
										{
											"key": "end_time",
											"value": "1",
											"type": "text"
										}
									]
								},
								"url": {
									"raw": "{{url}}/task",
									"host": [
										"{{url}}"
									],
									"path": [
										"task"
									]
								}
							},
							"status": "OK",
							"code": 200,
							"_postman_previewlanguage": "json",
							"header": [
								{
									"key": "Content-Type",
									"value": "application/json; charset=utf-8"
								},
								{
									"key": "Date",
									"value": "Sat, 20 May 2023 05:40:35 GMT"
								},
								{
									"key": "Content-Length",
									"value": "77"
								}
							],
							"cookie": [],
							"body": "{\n    \"status\": 200,\n    \"data\": {\n        \"code\": 200,\n        \"msg\": \"ok\",\n        \"data\": \"\"\n    },\n    \"msg\": \"ok\",\n    \"error\": \"\"\n}"
						}
					]
				},
				{
					"name": "删除备忘录",
					"request": {
						"method": "DELETE",
						"header": [
							{
								"key": "Authorization",
								"value": "{{token}}",
								"type": "text"
							}
						],
						"body": {
							"mode": "formdata",
							"formdata": [
								{
									"key": "task_id",
									"value": "2",
									"type": "text"
								}
							]
						},
						"url": {
							"raw": "{{url}}/task",
							"host": [
								"{{url}}"
							],
							"path": [
								"task"
							]
						}
					},
					"response": [
						{
							"name": "删除备忘录",
							"originalRequest": {
								"method": "DELETE",
								"header": [
									{
										"key": "Authorization",
										"value": "{{token}}",
										"type": "text"
									}
								],
								"body": {
									"mode": "formdata",
									"formdata": [
										{
											"key": "task_id",
											"value": "2",
											"type": "text"
										}
									]
								},
								"url": {
									"raw": "{{url}}/task",
									"host": [
										"{{url}}"
									],
									"path": [
										"task"
									]
								}
							},
							"status": "OK",
							"code": 200,
							"_postman_previewlanguage": "json",
							"header": [
								{
									"key": "Content-Type",
									"value": "application/json; charset=utf-8"
								},
								{
									"key": "Date",
									"value": "Sat, 20 May 2023 07:01:26 GMT"
								},
								{
									"key": "Content-Length",
									"value": "77"
								}
							],
							"cookie": [],
							"body": "{\n    \"status\": 200,\n    \"data\": {\n        \"code\": 200,\n        \"msg\": \"ok\",\n        \"data\": \"\"\n    },\n    \"msg\": \"ok\",\n    \"error\": \"\"\n}"
						}
					]
				}
			]
		},
		{
			"name": "测试连接",
			"request": {
				"method": "GET",
				"header": [],
				"url": {
					"raw": "{{url}}/ping",
					"host": [
						"{{url}}"
					],
					"path": [
						"ping"
					]
				}
			},
			"response": [
				{
					"name": "测试连接",
					"originalRequest": {
						"method": "GET",
						"header": [],
						"url": {
							"raw": "{{url}}/ping",
							"host": [
								"{{url}}"
							],
							"path": [
								"ping"
							]
						}
					},
					"status": "OK",
					"code": 200,
					"_postman_previewlanguage": "json",
					"header": [
						{
							"key": "Content-Type",
							"value": "application/json; charset=utf-8"
						},
						{
							"key": "Date",
							"value": "Sat, 11 Jun 2022 15:46:00 GMT"
						},
						{
							"key": "Content-Length",
							"value": "9"
						}
					],
					"cookie": [],
					"body": "\"success\""
				}
			]
		}
	]
}